motif_ID	motif_ALT_ID	motif_P-value	seq_ID	seq_Score	seq_Class	is_holdout?
1-CCATCCACTCACCCA	STREME-1	1.2e-001	chr14:76392933-76393034	24.50	tp	0
1-CCATCCACTCACCCA	STREME-1	1.2e-001	chr8:140778713-140778814	24.50	tp	0
1-CCATCCACTCACCCA	STREME-1	1.2e-001	chr19:7334532-7334633	24.50	tp	0
1-CCATCCACTCACCCA	STREME-1	1.2e-001	chr20:47641935-47642036	19.64	tp	0
1-CCATCCACTCACCCA	STREME-1	1.2e-001	chr7:73101926-73102027	19.57	tp	0
1-CCATCCACTCACCCA	STREME-1	1.2e-001	chr19:4285732-4285833	19.57	tp	0
1-CCATCCACTCACCCA	STREME-1	1.2e-001	chr16:1022990-1023091	19.57	tp	0
1-CCATCCACTCACCCA	STREME-1	1.2e-001	chr19:5632699-5632800	19.57	tp	0
1-CCATCCACTCACCCA	STREME-1	1.2e-001	chr19:3428663-3428764	18.71	tp	0
1-CCATCCACTCACCCA	STREME-1	1.2e-001	chr18:44383654-44383755	18.62	tp	0
1-CCATCCACTCACCCA	STREME-1	1.2e-001	chr7:66972585-66972686	18.62	tp	0
1-CCATCCACTCACCCA	STREME-1	1.2e-001	chr20:59798882-59798983	18.62	tp	0
1-CCATCCACTCACCCA	STREME-1	1.2e-001	chr10:1476801-1476902	18.62	tp	1
1-CCATCCACTCACCCA	STREME-1	1.2e-001	chr16:86996078-86996179	17.72	tp	0
1-CCATCCACTCACCCA	STREME-1	1.2e-001	chr17:21206542-21206643	16.59	tp	0
1-CCATCCACTCACCCA	STREME-1	1.2e-001	chr1:18059957-18060058	15.67	tp	0
1-CCATCCACTCACCCA	STREME-1	1.2e-001	chr10:121214802-121214903	15.67	tp	0
1-CCATCCACTCACCCA	STREME-1	1.2e-001	chr16:87112489-87112590	15.64	tp	1
1-CCATCCACTCACCCA	STREME-1	1.2e-001	chr16:55621718-55621819	15.30	tp	0
1-CCATCCACTCACCCA	STREME-1	1.2e-001	chr7:157251049-157251150	14.85	tp	0
1-CCATCCACTCACCCA	STREME-1	1.2e-001	chr22:34189626-34189727	14.71	tp	0
1-CCATCCACTCACCCA	STREME-1	1.2e-001	chr15:27194271-27194372	14.67	tp	0
1-CCATCCACTCACCCA	STREME-1	1.2e-001	chr8:290686-290787	13.83	tp	0
1-CCATCCACTCACCCA	STREME-1	1.2e-001	chr12:112511656-112511757	13.69	tp	0
1-CCATCCACTCACCCA	STREME-1	1.2e-001	chr8:143243378-143243479	13.69	tp	0
1-CCATCCACTCACCCA	STREME-1	1.2e-001	chr19:8839416-8839517	13.69	tp	0
1-CCATCCACTCACCCA	STREME-1	1.2e-001	chr11:70383149-70383250	13.69	tp	0
1-CCATCCACTCACCCA	STREME-1	1.2e-001	chr9:135706737-135706838	13.69	tp	0
1-CCATCCACTCACCCA	STREME-1	1.2e-001	chr19:8220009-8220110	13.69	tp	0
1-CCATCCACTCACCCA	STREME-1	1.2e-001	chr12:131605237-131605338	13.69	tp	0
1-CCATCCACTCACCCA	STREME-1	1.2e-001	chr7:30760644-30760745	13.69	tp	0
1-CCATCCACTCACCCA	STREME-1	1.2e-001	chr1:6157246-6157347	13.69	fp	0
1-CCATCCACTCACCCA	STREME-1	1.2e-001	chr11:45587576-45587677	13.69	tp	1
#
2-CTGCAAGT	STREME-2	2.5e-001	chr3:57050103-57050204	14.67	tp	0
2-CTGCAAGT	STREME-2	2.5e-001	chr17:1342449-1342550	14.67	tp	0
2-CTGCAAGT	STREME-2	2.5e-001	chr7:101061234-101061335	14.67	tp	0
2-CTGCAAGT	STREME-2	2.5e-001	chr7:97992715-97992816	14.67	tp	0
2-CTGCAAGT	STREME-2	2.5e-001	chr3:53241277-53241378	14.67	tp	0
2-CTGCAAGT	STREME-2	2.5e-001	chr9:17594580-17594681	14.67	fp	0
2-CTGCAAGT	STREME-2	2.5e-001	chr12:124003630-124003731	14.32	tp	0
2-CTGCAAGT	STREME-2	2.5e-001	chr12:63207130-63207231	14.32	tp	0
2-CTGCAAGT	STREME-2	2.5e-001	chr22:41056164-41056265	13.03	tp	0
2-CTGCAAGT	STREME-2	2.5e-001	chr3:195471300-195471401	13.03	tp	0
2-CTGCAAGT	STREME-2	2.5e-001	chr2:53934787-53934888	13.03	tp	0
2-CTGCAAGT	STREME-2	2.5e-001	chr3:48431511-48431612	13.03	tp	0
2-CTGCAAGT	STREME-2	2.5e-001	chr5:10347145-10347246	13.03	tp	0
2-CTGCAAGT	STREME-2	2.5e-001	chr11:70869476-70869577	13.03	tp	0
2-CTGCAAGT	STREME-2	2.5e-001	chr2:238482737-238482838	13.03	fp	0
2-CTGCAAGT	STREME-2	2.5e-001	chr7:101061234-101061335	13.03	fp	0
2-CTGCAAGT	STREME-2	2.5e-001	chr12:122494999-122495100	13.03	tp	1
2-CTGCAAGT	STREME-2	2.5e-001	chr10:101253705-101253806	12.68	tp	0
2-CTGCAAGT	STREME-2	2.5e-001	chr1:205733374-205733475	12.68	tp	0
2-CTGCAAGT	STREME-2	2.5e-001	chr1:36903172-36903273	12.68	tp	0
2-CTGCAAGT	STREME-2	2.5e-001	chr5:15146319-15146420	12.68	tp	0
2-CTGCAAGT	STREME-2	2.5e-001	chr19:33011848-33011949	12.43	tp	0
2-CTGCAAGT	STREME-2	2.5e-001	chr16:49830519-49830620	12.43	tp	0
2-CTGCAAGT	STREME-2	2.5e-001	chr22:36751174-36751275	12.43	tp	0
2-CTGCAAGT	STREME-2	2.5e-001	chr22:36751174-36751275	12.43	fp	0
2-CTGCAAGT	STREME-2	2.5e-001	chr12:130978213-130978314	12.37	tp	0
2-CTGCAAGT	STREME-2	2.5e-001	chr2:19411192-19411293	12.37	tp	0
2-CTGCAAGT	STREME-2	2.5e-001	chr12:130647482-130647583	12.37	tp	0
2-CTGCAAGT	STREME-2	2.5e-001	chr9:38385411-38385512	12.08	tp	1
2-CTGCAAGT	STREME-2	2.5e-001	chr11:9070723-9070824	12.00	tp	0
2-CTGCAAGT	STREME-2	2.5e-001	chr13:112861850-112861951	12.00	tp	0
2-CTGCAAGT	STREME-2	2.5e-001	chr3:31548797-31548898	12.00	fp	0
2-CTGCAAGT	STREME-2	2.5e-001	chr11:124219839-124219940	11.57	tp	0
2-CTGCAAGT	STREME-2	2.5e-001	chr1:110597493-110597594	11.57	tp	0
2-CTGCAAGT	STREME-2	2.5e-001	chr19:39166293-39166394	11.50	tp	0
2-CTGCAAGT	STREME-2	2.5e-001	chr7:155960659-155960760	11.50	tp	0
2-CTGCAAGT	STREME-2	2.5e-001	chr1:17187203-17187304	11.50	tp	0
2-CTGCAAGT	STREME-2	2.5e-001	chr19:56005802-56005903	11.50	tp	0
2-CTGCAAGT	STREME-2	2.5e-001	chr1:110597493-110597594	11.50	fp	0
2-CTGCAAGT	STREME-2	2.5e-001	chr2:58737483-58737584	11.50	fp	0
2-CTGCAAGT	STREME-2	2.5e-001	chr3:49033830-49033931	11.50	tp	1
2-CTGCAAGT	STREME-2	2.5e-001	chr3:4063658-4063759	11.35	tp	0
2-CTGCAAGT	STREME-2	2.5e-001	chr9:137868481-137868582	11.35	tp	0
2-CTGCAAGT	STREME-2	2.5e-001	chr20:46216862-46216963	11.35	tp	0
2-CTGCAAGT	STREME-2	2.5e-001	chr9:137868481-137868582	11.35	fp	0
2-CTGCAAGT	STREME-2	2.5e-001	chr5:9461164-9461265	11.22	fp	0
2-CTGCAAGT	STREME-2	2.5e-001	chr1:16661145-16661246	11.15	tp	0
2-CTGCAAGT	STREME-2	2.5e-001	chr9:128209484-128209585	11.15	tp	0
2-CTGCAAGT	STREME-2	2.5e-001	chr7:48001175-48001276	11.15	tp	0
2-CTGCAAGT	STREME-2	2.5e-001	chr10:14919981-14920082	11.15	fp	0
2-CTGCAAGT	STREME-2	2.5e-001	chr19:45740586-45740687	11.15	tp	1
2-CTGCAAGT	STREME-2	2.5e-001	chr7:131906986-131907087	11.00	tp	0
2-CTGCAAGT	STREME-2	2.5e-001	chr8:40128416-40128517	11.00	fp	0
2-CTGCAAGT	STREME-2	2.5e-001	chr16:3391029-3391130	10.82	tp	0
2-CTGCAAGT	STREME-2	2.5e-001	chr8:126119152-126119253	10.73	tp	0
2-CTGCAAGT	STREME-2	2.5e-001	chr12:120459204-120459305	10.73	tp	0
2-CTGCAAGT	STREME-2	2.5e-001	chr6:3520116-3520217	10.73	tp	0
2-CTGCAAGT	STREME-2	2.5e-001	chr7:157473820-157473921	10.73	tp	0
2-CTGCAAGT	STREME-2	2.5e-001	chr8:6696256-6696357	10.73	tp	0
2-CTGCAAGT	STREME-2	2.5e-001	chr8:37816494-37816595	10.73	tp	0
2-CTGCAAGT	STREME-2	2.5e-001	chr22:47664007-47664108	10.73	tp	0
2-CTGCAAGT	STREME-2	2.5e-001	chr7:47358362-47358463	10.73	tp	0
2-CTGCAAGT	STREME-2	2.5e-001	chr16:74109-74210	10.73	fp	0
2-CTGCAAGT	STREME-2	2.5e-001	chr19:5650225-5650326	10.73	fp	0
2-CTGCAAGT	STREME-2	2.5e-001	chr19:60729888-60729989	10.73	tp	1
2-CTGCAAGT	STREME-2	2.5e-001	chr1:1552981-1553082	10.73	tp	1
2-CTGCAAGT	STREME-2	2.5e-001	chr12:116165672-116165773	10.40	tp	0
2-CTGCAAGT	STREME-2	2.5e-001	chr1:154199444-154199545	10.40	tp	0
2-CTGCAAGT	STREME-2	2.5e-001	chr10:120504827-120504928	10.40	tp	0
2-CTGCAAGT	STREME-2	2.5e-001	chr16:88502015-88502116	10.40	tp	0
2-CTGCAAGT	STREME-2	2.5e-001	chr14:104233621-104233722	10.40	fp	0
2-CTGCAAGT	STREME-2	2.5e-001	chr12:120746155-120746256	10.40	fp	0
2-CTGCAAGT	STREME-2	2.5e-001	chr5:132875556-132875657	10.20	tp	0
2-CTGCAAGT	STREME-2	2.5e-001	chr18:55658241-55658342	10.20	tp	0
2-CTGCAAGT	STREME-2	2.5e-001	chr12:55853350-55853451	10.20	tp	0
2-CTGCAAGT	STREME-2	2.5e-001	chr1:1088186-1088287	10.20	tp	0
2-CTGCAAGT	STREME-2	2.5e-001	chr7:315684-315785	10.20	tp	0
2-CTGCAAGT	STREME-2	2.5e-001	chr1:17393449-17393550	10.20	tp	0
2-CTGCAAGT	STREME-2	2.5e-001	chr2:58737483-58737584	10.20	tp	0
2-CTGCAAGT	STREME-2	2.5e-001	chr3:49686412-49686513	10.20	tp	0
2-CTGCAAGT	STREME-2	2.5e-001	chr17:24238013-24238114	10.20	fp	0
2-CTGCAAGT	STREME-2	2.5e-001	chr12:130647482-130647583	10.20	fp	0
2-CTGCAAGT	STREME-2	2.5e-001	chr7:1023429-1023530	10.05	tp	0
2-CTGCAAGT	STREME-2	2.5e-001	chr8:544016-544117	10.05	tp	0
2-CTGCAAGT	STREME-2	2.5e-001	chr20:60238917-60239018	10.05	tp	0
2-CTGCAAGT	STREME-2	2.5e-001	chr7:75981772-75981873	10.05	tp	1
2-CTGCAAGT	STREME-2	2.5e-001	chr10:48093656-48093757	10.05	fp	1
2-CTGCAAGT	STREME-2	2.5e-001	chr6:7860621-7860722	9.93	tp	0
2-CTGCAAGT	STREME-2	2.5e-001	chr14:99223886-99223987	9.93	tp	0
2-CTGCAAGT	STREME-2	2.5e-001	chr3:42717887-42717988	9.93	tp	0
2-CTGCAAGT	STREME-2	2.5e-001	chr10:83673515-83673616	9.93	fp	0
2-CTGCAAGT	STREME-2	2.5e-001	chr6:33952919-33953020	9.84	tp	0
2-CTGCAAGT	STREME-2	2.5e-001	chr21:44148240-44148341	9.84	tp	0
2-CTGCAAGT	STREME-2	2.5e-001	chr16:65822848-65822949	9.84	tp	0
2-CTGCAAGT	STREME-2	2.5e-001	chr12:116589309-116589410	9.84	fp	0
2-CTGCAAGT	STREME-2	2.5e-001	chr6:86687262-86687363	9.76	tp	0
2-CTGCAAGT	STREME-2	2.5e-001	chr22:29482998-29483099	9.76	fp	0
2-CTGCAAGT	STREME-2	2.5e-001	chr9:130155090-130155191	9.76	fp	0
2-CTGCAAGT	STREME-2	2.5e-001	chr19:47112377-47112478	9.76	fp	1
2-CTGCAAGT	STREME-2	2.5e-001	chr16:86555930-86556031	9.59	fp	0
2-CTGCAAGT	STREME-2	2.5e-001	chr6:3520116-3520217	9.59	fp	0
2-CTGCAAGT	STREME-2	2.5e-001	chr20:1804055-1804156	9.54	tp	0
2-CTGCAAGT	STREME-2	2.5e-001	chr20:42327095-42327196	9.54	tp	0
2-CTGCAAGT	STREME-2	2.5e-001	chr10:104584612-104584713	9.54	fp	1
2-CTGCAAGT	STREME-2	2.5e-001	chrX:58578086-58578187	9.52	tp	0
2-CTGCAAGT	STREME-2	2.5e-001	chr1:32009549-32009650	9.52	tp	0
2-CTGCAAGT	STREME-2	2.5e-001	chr1:12013485-12013586	9.52	fp	0
2-CTGCAAGT	STREME-2	2.5e-001	chr19:54630195-54630296	9.52	tp	1
2-CTGCAAGT	STREME-2	2.5e-001	chr15:75097129-75097230	9.49	tp	0
2-CTGCAAGT	STREME-2	2.5e-001	chr12:4935736-4935837	9.49	tp	0
2-CTGCAAGT	STREME-2	2.5e-001	chr3:124177282-124177383	9.49	fp	0
2-CTGCAAGT	STREME-2	2.5e-001	chr20:36663519-36663620	9.49	fp	1
2-CTGCAAGT	STREME-2	2.5e-001	chr12:1572163-1572264	9.24	tp	0
2-CTGCAAGT	STREME-2	2.5e-001	chr9:90779075-90779176	9.24	fp	0
2-CTGCAAGT	STREME-2	2.5e-001	chr14:104233621-104233722	9.24	tp	0
2-CTGCAAGT	STREME-2	2.5e-001	chr16:68346231-68346332	9.24	tp	0
2-CTGCAAGT	STREME-2	2.5e-001	chr1:27741098-27741199	9.24	tp	0
2-CTGCAAGT	STREME-2	2.5e-001	chr15:77326932-77327033	9.24	tp	0
2-CTGCAAGT	STREME-2	2.5e-001	chr8:144796575-144796676	9.24	tp	0
2-CTGCAAGT	STREME-2	2.5e-001	chr2:85837127-85837228	9.24	tp	0
2-CTGCAAGT	STREME-2	2.5e-001	chr18:53447922-53448023	9.24	tp	0
2-CTGCAAGT	STREME-2	2.5e-001	chr20:60367483-60367584	9.24	tp	0
2-CTGCAAGT	STREME-2	2.5e-001	chr7:93049887-93049988	9.24	tp	0
2-CTGCAAGT	STREME-2	2.5e-001	chr9:139380013-139380114	9.24	tp	0
2-CTGCAAGT	STREME-2	2.5e-001	chr14:72790288-72790389	9.24	tp	0
2-CTGCAAGT	STREME-2	2.5e-001	chr22:36026572-36026673	9.24	tp	0
2-CTGCAAGT	STREME-2	2.5e-001	chr15:39938033-39938134	9.24	fp	0
2-CTGCAAGT	STREME-2	2.5e-001	chr1:3763916-3764017	9.24	fp	0
2-CTGCAAGT	STREME-2	2.5e-001	chr12:7200808-7200909	9.24	fp	0
2-CTGCAAGT	STREME-2	2.5e-001	chr20:346514-346615	9.24	fp	0
2-CTGCAAGT	STREME-2	2.5e-001	chr9:94577134-94577235	9.24	fp	0
2-CTGCAAGT	STREME-2	2.5e-001	chr22:36633585-36633686	9.24	fp	0
2-CTGCAAGT	STREME-2	2.5e-001	chr12:47976892-47976993	9.24	tp	1
2-CTGCAAGT	STREME-2	2.5e-001	chr1:6157246-6157347	9.19	tp	0
2-CTGCAAGT	STREME-2	2.5e-001	chr7:73101926-73102027	9.19	tp	0
2-CTGCAAGT	STREME-2	2.5e-001	chr16:1022990-1023091	9.19	tp	0
2-CTGCAAGT	STREME-2	2.5e-001	chr14:64710579-64710680	9.19	fp	0
2-CTGCAAGT	STREME-2	2.5e-001	chr2:99998913-99999014	9.19	fp	0
2-CTGCAAGT	STREME-2	2.5e-001	chr12:106141118-106141219	9.19	fp	1
2-CTGCAAGT	STREME-2	2.5e-001	chr18:55177221-55177322	9.09	fp	0
2-CTGCAAGT	STREME-2	2.5e-001	chr9:139156633-139156734	9.09	tp	0
2-CTGCAAGT	STREME-2	2.5e-001	chr7:1383896-1383997	9.09	tp	0
2-CTGCAAGT	STREME-2	2.5e-001	chr13:22853523-22853624	9.09	fp	0
2-CTGCAAGT	STREME-2	2.5e-001	chr19:8839416-8839517	9.05	tp	0
2-CTGCAAGT	STREME-2	2.5e-001	chr16:69976177-69976278	8.97	tp	0
2-CTGCAAGT	STREME-2	2.5e-001	chr9:136712321-136712422	8.97	tp	0
2-CTGCAAGT	STREME-2	2.5e-001	chr9:130557287-130557388	8.97	tp	0
2-CTGCAAGT	STREME-2	2.5e-001	chr3:37699602-37699703	8.97	fp	0
2-CTGCAAGT	STREME-2	2.5e-001	chr16:82643411-82643512	8.97	tp	1
2-CTGCAAGT	STREME-2	2.5e-001	chr1:163853131-163853232	8.94	fp	0
2-CTGCAAGT	STREME-2	2.5e-001	chr9:137643663-137643764	8.91	tp	0
2-CTGCAAGT	STREME-2	2.5e-001	chr2:237704115-237704216	8.91	tp	0
2-CTGCAAGT	STREME-2	2.5e-001	chr11:125910446-125910547	8.91	tp	0
2-CTGCAAGT	STREME-2	2.5e-001	chr20:56632065-56632166	8.91	fp	0
2-CTGCAAGT	STREME-2	2.5e-001	chr2:237704115-237704216	8.91	fp	1
2-CTGCAAGT	STREME-2	2.5e-001	chr22:40173000-40173101	8.87	fp	0
2-CTGCAAGT	STREME-2	2.5e-001	chr9:126631421-126631522	8.79	fp	0
2-CTGCAAGT	STREME-2	2.5e-001	chr11:70512766-70512867	8.68	fp	1
2-CTGCAAGT	STREME-2	2.5e-001	chr7:72659191-72659292	8.67	tp	0
2-CTGCAAGT	STREME-2	2.5e-001	chr2:221978064-221978165	8.60	tp	0
2-CTGCAAGT	STREME-2	2.5e-001	chr10:79736130-79736231	8.60	tp	0
2-CTGCAAGT	STREME-2	2.5e-001	chr12:118445131-118445232	8.60	tp	0
2-CTGCAAGT	STREME-2	2.5e-001	chr7:44239031-44239132	8.60	tp	0
2-CTGCAAGT	STREME-2	2.5e-001	chr18:53447922-53448023	8.60	fp	0
2-CTGCAAGT	STREME-2	2.5e-001	chr7:157473820-157473921	8.60	fp	0
2-CTGCAAGT	STREME-2	2.5e-001	chr11:76087022-76087123	8.60	tp	1
2-CTGCAAGT	STREME-2	2.5e-001	chr5:68400811-68400912	8.58	tp	0
2-CTGCAAGT	STREME-2	2.5e-001	chr1:31153228-31153329	8.58	tp	0
2-CTGCAAGT	STREME-2	2.5e-001	chr9:130155090-130155191	8.58	tp	1
2-CTGCAAGT	STREME-2	2.5e-001	chr9:17594580-17594681	8.58	tp	1
2-CTGCAAGT	STREME-2	2.5e-001	chr1:29481320-29481421	8.58	fp	1
2-CTGCAAGT	STREME-2	2.5e-001	chr12:46290735-46290836	8.58	fp	1
2-CTGCAAGT	STREME-2	2.5e-001	chr12:123320786-123320887	8.57	fp	0
2-CTGCAAGT	STREME-2	2.5e-001	chr19:10262381-10262482	8.56	tp	0
2-CTGCAAGT	STREME-2	2.5e-001	chr17:75325385-75325486	8.56	tp	0
2-CTGCAAGT	STREME-2	2.5e-001	chr3:50418705-50418806	8.56	tp	0
2-CTGCAAGT	STREME-2	2.5e-001	chr12:126286311-126286412	8.56	tp	0
2-CTGCAAGT	STREME-2	2.5e-001	chr1:188744824-188744925	8.56	tp	0
2-CTGCAAGT	STREME-2	2.5e-001	chr3:37699602-37699703	8.56	tp	0
2-CTGCAAGT	STREME-2	2.5e-001	chr8:145186064-145186165	8.56	tp	0
2-CTGCAAGT	STREME-2	2.5e-001	chr7:51050067-51050168	8.56	tp	0
2-CTGCAAGT	STREME-2	2.5e-001	chr11:69766767-69766868	8.56	tp	0
2-CTGCAAGT	STREME-2	2.5e-001	chr17:1342449-1342550	8.56	fp	0
2-CTGCAAGT	STREME-2	2.5e-001	chr2:88286553-88286654	8.56	fp	0
2-CTGCAAGT	STREME-2	2.5e-001	chr17:59361481-59361582	8.56	fp	0
2-CTGCAAGT	STREME-2	2.5e-001	chr10:122828366-122828467	8.56	fp	0
2-CTGCAAGT	STREME-2	2.5e-001	chr1:48133123-48133224	8.55	tp	0
2-CTGCAAGT	STREME-2	2.5e-001	chr5:61470307-61470408	8.55	tp	0
2-CTGCAAGT	STREME-2	2.5e-001	chr1:16336951-16337052	8.55	tp	0
2-CTGCAAGT	STREME-2	2.5e-001	chr10:14919981-14920082	8.55	tp	0
2-CTGCAAGT	STREME-2	2.5e-001	chr10:122828366-122828467	8.55	tp	0
2-CTGCAAGT	STREME-2	2.5e-001	chr7:2206578-2206679	8.55	tp	0
2-CTGCAAGT	STREME-2	2.5e-001	chr7:132013703-132013804	8.55	fp	0
2-CTGCAAGT	STREME-2	2.5e-001	chr2:85408654-85408755	8.55	fp	0
2-CTGCAAGT	STREME-2	2.5e-001	chr3:52480884-52480985	8.55	fp	0
#
3-CACCAACACCA	STREME-3	5.0e-001	chr5:9461164-9461265	16.78	tp	0
3-CACCAACACCA	STREME-3	5.0e-001	chr22:38698860-38698961	16.72	tp	0
3-CACCAACACCA	STREME-3	5.0e-001	chr5:7424458-7424559	16.47	tp	0
3-CACCAACACCA	STREME-3	5.0e-001	chr8:143598186-143598287	16.47	tp	0
3-CACCAACACCA	STREME-3	5.0e-001	chr12:131631283-131631384	16.47	tp	0
3-CACCAACACCA	STREME-3	5.0e-001	chr8:143335681-143335782	16.47	tp	0
3-CACCAACACCA	STREME-3	5.0e-001	chr10:87866810-87866911	16.47	tp	0
3-CACCAACACCA	STREME-3	5.0e-001	chr17:67696945-67697046	16.47	tp	0
3-CACCAACACCA	STREME-3	5.0e-001	chr20:36715133-36715234	16.47	tp	0
3-CACCAACACCA	STREME-3	5.0e-001	chr20:48255154-48255255	15.68	tp	0
3-CACCAACACCA	STREME-3	5.0e-001	chr17:69584355-69584456	15.43	tp	1
3-CACCAACACCA	STREME-3	5.0e-001	chr17:29833074-29833175	15.27	tp	0
3-CACCAACACCA	STREME-3	5.0e-001	chr10:49687428-49687529	15.23	tp	0
3-CACCAACACCA	STREME-3	5.0e-001	chr15:39938033-39938134	15.23	tp	0
3-CACCAACACCA	STREME-3	5.0e-001	chr12:5637954-5638055	15.22	tp	0
3-CACCAACACCA	STREME-3	5.0e-001	chr12:130590032-130590133	15.22	tp	0
3-CACCAACACCA	STREME-3	5.0e-001	chr8:143579458-143579559	15.22	fp	0
3-CACCAACACCA	STREME-3	5.0e-001	chr12:129634055-129634156	15.22	fp	1
3-CACCAACACCA	STREME-3	5.0e-001	chr6:11535735-11535836	15.03	tp	0
3-CACCAACACCA	STREME-3	5.0e-001	chr16:84804132-84804233	15.03	tp	0
3-CACCAACACCA	STREME-3	5.0e-001	chr4:76774562-76774663	15.02	tp	0
3-CACCAACACCA	STREME-3	5.0e-001	chr15:68695324-68695425	14.99	tp	0
3-CACCAACACCA	STREME-3	5.0e-001	chr12:110684876-110684977	14.89	tp	0
3-CACCAACACCA	STREME-3	5.0e-001	chrX:1983679-1983780	14.24	tp	0
3-CACCAACACCA	STREME-3	5.0e-001	chr22:35406217-35406318	14.24	tp	0
3-CACCAACACCA	STREME-3	5.0e-001	chr17:67696945-67697046	14.24	fp	0
3-CACCAACACCA	STREME-3	5.0e-001	chr15:72952542-72952643	14.22	tp	0
3-CACCAACACCA	STREME-3	5.0e-001	chr12:129634055-129634156	14.05	tp	1
3-CACCAACACCA	STREME-3	5.0e-001	chr7:158080665-158080766	13.98	tp	0
3-CACCAACACCA	STREME-3	5.0e-001	chr2:58737483-58737584	13.83	tp	0
3-CACCAACACCA	STREME-3	5.0e-001	chr14:100063121-100063222	13.72	tp	0
3-CACCAACACCA	STREME-3	5.0e-001	chr17:24238013-24238114	13.62	tp	0
3-CACCAACACCA	STREME-3	5.0e-001	chr17:24089659-24089760	13.49	tp	0
3-CACCAACACCA	STREME-3	5.0e-001	chr3:42543337-42543438	13.42	tp	0
3-CACCAACACCA	STREME-3	5.0e-001	chr9:132972650-132972751	13.41	tp	0
3-CACCAACACCA	STREME-3	5.0e-001	chr13:111677767-111677868	13.41	tp	0
3-CACCAACACCA	STREME-3	5.0e-001	chr14:102618231-102618332	13.41	fp	0
3-CACCAACACCA	STREME-3	5.0e-001	chr19:17803508-17803609	13.36	fp	0
3-CACCAACACCA	STREME-3	5.0e-001	chr1:39422851-39422952	13.20	tp	0
3-CACCAACACCA	STREME-3	5.0e-001	chr20:60238917-60239018	13.18	tp	0
3-CACCAACACCA	STREME-3	5.0e-001	chr17:20858727-20858828	12.99	tp	0
3-CACCAACACCA	STREME-3	5.0e-001	chr10:80331527-80331628	12.99	tp	0
3-CACCAACACCA	STREME-3	5.0e-001	chr20:36715133-36715234	12.99	fp	0
3-CACCAACACCA	STREME-3	5.0e-001	chr8:142937500-142937601	12.87	tp	0
3-CACCAACACCA	STREME-3	5.0e-001	chr1:40203066-40203167	12.86	tp	0
3-CACCAACACCA	STREME-3	5.0e-001	chr16:56078235-56078336	12.51	tp	0
3-CACCAACACCA	STREME-3	5.0e-001	chr19:47262357-47262458	12.51	fp	0
3-CACCAACACCA	STREME-3	5.0e-001	chr5:149788646-149788747	12.48	tp	0
3-CACCAACACCA	STREME-3	5.0e-001	chr5:32038602-32038703	12.34	tp	0
3-CACCAACACCA	STREME-3	5.0e-001	chr3:53008568-53008669	12.28	tp	0
3-CACCAACACCA	STREME-3	5.0e-001	chr1:222689282-222689383	11.57	tp	0
#
4-ACAGAGGGAT	STREME-4	5.0e-001	chr4:2659309-2659410	14.90	tp	0
4-ACAGAGGGAT	STREME-4	5.0e-001	chr11:2174539-2174640	14.90	tp	0
4-ACAGAGGGAT	STREME-4	5.0e-001	chr1:22858053-22858154	14.90	tp	0
4-ACAGAGGGAT	STREME-4	5.0e-001	chr3:43806762-43806863	14.15	tp	0
4-ACAGAGGGAT	STREME-4	5.0e-001	chr8:143243378-143243479	13.78	tp	0
4-ACAGAGGGAT	STREME-4	5.0e-001	chr11:70383149-70383250	13.78	tp	0
4-ACAGAGGGAT	STREME-4	5.0e-001	chr7:66972585-66972686	13.78	tp	0
4-ACAGAGGGAT	STREME-4	5.0e-001	chr20:47641935-47642036	13.78	tp	0
4-ACAGAGGGAT	STREME-4	5.0e-001	chr7:158473172-158473273	13.78	tp	0
4-ACAGAGGGAT	STREME-4	5.0e-001	chr19:4285732-4285833	13.78	tp	0
4-ACAGAGGGAT	STREME-4	5.0e-001	chr11:1720686-1720787	13.78	fp	0
4-ACAGAGGGAT	STREME-4	5.0e-001	chr11:45587576-45587677	13.78	tp	1
4-ACAGAGGGAT	STREME-4	5.0e-001	chr1:6157246-6157347	13.73	tp	0
4-ACAGAGGGAT	STREME-4	5.0e-001	chr12:116165672-116165773	13.73	tp	0
4-ACAGAGGGAT	STREME-4	5.0e-001	chr16:1022990-1023091	13.73	tp	0
4-ACAGAGGGAT	STREME-4	5.0e-001	chr1:16420730-16420831	13.73	tp	0
4-ACAGAGGGAT	STREME-4	5.0e-001	chr22:47920271-47920372	13.73	tp	0
4-ACAGAGGGAT	STREME-4	5.0e-001	chr7:157307282-157307383	13.73	tp	0
4-ACAGAGGGAT	STREME-4	5.0e-001	chr4:7666503-7666604	13.73	tp	0
4-ACAGAGGGAT	STREME-4	5.0e-001	chr7:30760644-30760745	13.73	tp	0
4-ACAGAGGGAT	STREME-4	5.0e-001	chr11:45587576-45587677	13.73	fp	0
4-ACAGAGGGAT	STREME-4	5.0e-001	chr7:66972585-66972686	13.73	fp	0
4-ACAGAGGGAT	STREME-4	5.0e-001	chr16:1022990-1023091	13.73	fp	0
4-ACAGAGGGAT	STREME-4	5.0e-001	chr12:131605237-131605338	13.73	fp	0
4-ACAGAGGGAT	STREME-4	5.0e-001	chr11:1720686-1720787	13.73	tp	1
4-ACAGAGGGAT	STREME-4	5.0e-001	chr10:1476801-1476902	13.73	tp	1
4-ACAGAGGGAT	STREME-4	5.0e-001	chr12:106141118-106141219	13.61	tp	0
4-ACAGAGGGAT	STREME-4	5.0e-001	chr19:39644887-39644988	13.61	tp	0
4-ACAGAGGGAT	STREME-4	5.0e-001	chr17:21206542-21206643	13.53	tp	0
4-ACAGAGGGAT	STREME-4	5.0e-001	chr11:9070723-9070824	12.52	tp	0
4-ACAGAGGGAT	STREME-4	5.0e-001	chr2:88286553-88286654	12.32	tp	0
4-ACAGAGGGAT	STREME-4	5.0e-001	chr8:1139253-1139354	12.32	tp	0
4-ACAGAGGGAT	STREME-4	5.0e-001	chr14:76392933-76393034	12.27	tp	0
4-ACAGAGGGAT	STREME-4	5.0e-001	chr1:11718969-11719070	12.18	tp	0
4-ACAGAGGGAT	STREME-4	5.0e-001	chr12:110684876-110684977	11.98	fp	0
4-ACAGAGGGAT	STREME-4	5.0e-001	chr16:27788965-27789066	11.72	tp	0
4-ACAGAGGGAT	STREME-4	5.0e-001	chr2:96830842-96830943	11.72	tp	0
4-ACAGAGGGAT	STREME-4	5.0e-001	chr16:27788965-27789066	11.72	fp	1
4-ACAGAGGGAT	STREME-4	5.0e-001	chr19:34695562-34695663	11.61	tp	0
4-ACAGAGGGAT	STREME-4	5.0e-001	chr12:94755213-94755314	11.61	tp	0
4-ACAGAGGGAT	STREME-4	5.0e-001	chr18:58883668-58883769	11.47	fp	0
4-ACAGAGGGAT	STREME-4	5.0e-001	chr16:17745615-17745716	11.36	tp	0
4-ACAGAGGGAT	STREME-4	5.0e-001	chr19:787448-787549	11.36	tp	0
4-ACAGAGGGAT	STREME-4	5.0e-001	chr20:60586776-60586877	11.36	tp	0
4-ACAGAGGGAT	STREME-4	5.0e-001	chr3:126265117-126265218	11.36	tp	0
4-ACAGAGGGAT	STREME-4	5.0e-001	chr17:22830177-22830278	11.36	tp	0
4-ACAGAGGGAT	STREME-4	5.0e-001	chr5:2635066-2635167	11.36	tp	0
4-ACAGAGGGAT	STREME-4	5.0e-001	chr1:17393449-17393550	11.36	tp	0
4-ACAGAGGGAT	STREME-4	5.0e-001	chr17:37004306-37004407	11.36	tp	0
4-ACAGAGGGAT	STREME-4	5.0e-001	chr5:146619997-146620098	11.36	fp	0
4-ACAGAGGGAT	STREME-4	5.0e-001	chr19:19234154-19234255	11.36	fp	1
4-ACAGAGGGAT	STREME-4	5.0e-001	chr5:3542071-3542172	11.31	tp	0
4-ACAGAGGGAT	STREME-4	5.0e-001	chr8:143272029-143272130	11.31	fp	0
4-ACAGAGGGAT	STREME-4	5.0e-001	chr5:2635066-2635167	11.31	fp	0
4-ACAGAGGGAT	STREME-4	5.0e-001	chr20:60586776-60586877	11.31	fp	0
4-ACAGAGGGAT	STREME-4	5.0e-001	chr9:131198013-131198114	11.22	tp	0
4-ACAGAGGGAT	STREME-4	5.0e-001	chr19:5632699-5632800	11.16	tp	0
4-ACAGAGGGAT	STREME-4	5.0e-001	chr3:37699602-37699703	11.11	tp	0
4-ACAGAGGGAT	STREME-4	5.0e-001	chr16:55621718-55621819	11.05	tp	0
4-ACAGAGGGAT	STREME-4	5.0e-001	chr22:22223997-22224098	11.05	tp	0
4-ACAGAGGGAT	STREME-4	5.0e-001	chr19:7334532-7334633	11.05	tp	0
4-ACAGAGGGAT	STREME-4	5.0e-001	chr11:70383149-70383250	11.05	fp	0
4-ACAGAGGGAT	STREME-4	5.0e-001	chr22:34068592-34068693	11.03	tp	0
4-ACAGAGGGAT	STREME-4	5.0e-001	chr12:126286311-126286412	10.97	tp	0
4-ACAGAGGGAT	STREME-4	5.0e-001	chr11:67110989-67111090	10.93	tp	0
4-ACAGAGGGAT	STREME-4	5.0e-001	chr22:48232178-48232279	10.86	tp	0
4-ACAGAGGGAT	STREME-4	5.0e-001	chr14:76392933-76393034	10.86	fp	0
4-ACAGAGGGAT	STREME-4	5.0e-001	chr5:177879670-177879771	10.86	fp	0
4-ACAGAGGGAT	STREME-4	5.0e-001	chr19:7050077-7050178	10.80	tp	0
4-ACAGAGGGAT	STREME-4	5.0e-001	chr1:53929727-53929828	10.80	fp	0
4-ACAGAGGGAT	STREME-4	5.0e-001	chr9:139156633-139156734	10.73	tp	0
4-ACAGAGGGAT	STREME-4	5.0e-001	chr19:47262357-47262458	10.62	tp	0
4-ACAGAGGGAT	STREME-4	5.0e-001	chr10:121214802-121214903	10.62	tp	0
4-ACAGAGGGAT	STREME-4	5.0e-001	chr12:50802851-50802952	10.53	tp	0
#
5-CAGAGGAGG	STREME-5	9.4e-001	chr2:201962186-201962287	13.82	tp	0
5-CAGAGGAGG	STREME-5	9.4e-001	chr20:36663519-36663620	13.82	tp	0
5-CAGAGGAGG	STREME-5	9.4e-001	chr17:31195808-31195909	13.82	tp	0
5-CAGAGGAGG	STREME-5	9.4e-001	chr1:50588006-50588107	13.82	tp	0
5-CAGAGGAGG	STREME-5	9.4e-001	chr20:34605192-34605293	13.82	tp	0
5-CAGAGGAGG	STREME-5	9.4e-001	chr12:65375930-65376031	13.82	tp	0
5-CAGAGGAGG	STREME-5	9.4e-001	chr3:43806762-43806863	13.82	tp	0
5-CAGAGGAGG	STREME-5	9.4e-001	chr9:138964625-138964726	13.82	tp	0
5-CAGAGGAGG	STREME-5	9.4e-001	chr19:11202274-11202375	13.82	tp	0
5-CAGAGGAGG	STREME-5	9.4e-001	chr7:44239031-44239132	13.82	tp	0
5-CAGAGGAGG	STREME-5	9.4e-001	chr1:12013485-12013586	13.82	tp	0
5-CAGAGGAGG	STREME-5	9.4e-001	chr12:63207130-63207231	13.82	tp	0
5-CAGAGGAGG	STREME-5	9.4e-001	chr14:76812073-76812174	13.82	tp	0
5-CAGAGGAGG	STREME-5	9.4e-001	chr19:9978862-9978963	13.82	fp	0
5-CAGAGGAGG	STREME-5	9.4e-001	chr12:120741666-120741767	13.43	tp	0
5-CAGAGGAGG	STREME-5	9.4e-001	chr14:23106664-23106765	12.67	tp	0
5-CAGAGGAGG	STREME-5	9.4e-001	chr20:61359166-61359267	12.67	tp	0
5-CAGAGGAGG	STREME-5	9.4e-001	chr19:47113913-47114014	12.60	tp	0
5-CAGAGGAGG	STREME-5	9.4e-001	chr13:112633724-112633825	12.60	tp	0
5-CAGAGGAGG	STREME-5	9.4e-001	chr7:1014316-1014417	12.60	tp	0
5-CAGAGGAGG	STREME-5	9.4e-001	chr3:48431511-48431612	12.60	tp	0
5-CAGAGGAGG	STREME-5	9.4e-001	chr9:139156633-139156734	12.60	tp	0
5-CAGAGGAGG	STREME-5	9.4e-001	chr3:121371275-121371376	12.60	tp	0
5-CAGAGGAGG	STREME-5	9.4e-001	chr1:161870172-161870273	12.60	fp	0
5-CAGAGGAGG	STREME-5	9.4e-001	chr9:137958970-137959071	12.60	tp	1
5-CAGAGGAGG	STREME-5	9.4e-001	chr10:83673515-83673616	12.38	tp	0
5-CAGAGGAGG	STREME-5	9.4e-001	chr12:107497045-107497146	12.38	fp	1
5-CAGAGGAGG	STREME-5	9.4e-001	chr8:544016-544117	12.34	tp	0
5-CAGAGGAGG	STREME-5	9.4e-001	chr16:69976177-69976278	12.34	tp	0
5-CAGAGGAGG	STREME-5	9.4e-001	chr11:124219839-124219940	12.34	tp	0
5-CAGAGGAGG	STREME-5	9.4e-001	chr3:14398738-14398839	12.34	tp	0
5-CAGAGGAGG	STREME-5	9.4e-001	chr19:19234154-19234255	12.34	fp	1
5-CAGAGGAGG	STREME-5	9.4e-001	chr14:24635309-24635410	11.95	tp	0
5-CAGAGGAGG	STREME-5	9.4e-001	chr1:93418375-93418476	11.95	fp	1
5-CAGAGGAGG	STREME-5	9.4e-001	chr20:46752580-46752681	11.62	tp	0
